CAMIS,DBA,BORO,BUILDING,STREET,ZIPCODE,PHONE,CUISINE DESCRIPTION,INSPECTION DATE,ACTION,VIOLATION CODE,VIOLATION DESCRIPTION,CRITICAL FLAG,SCORE,GRADE,GRADE DATE,RECORD DATE,INSPECTION TYPE,Latitude,Longitude,Community Board,Council District,Census Tract,BIN,BBL,NTA
50015333,SNATCH & GO INTERNET CAFE & JUICE BAR,Brooklyn,3410,CHURCH AVE,11203,7182825800,"Juice, Smoothies, Fruit Salads",08/10/2016,Violations were cited in the following area(s).,04L,Evidence of mice or live mice present in facility's food and/or non-food areas.,Y,16,,,10/07/2019,Cycle Inspection / Initial Inspection,40.651004219714,-73.945496121494,317,45,085600,3109421,3048880001,BK91
50033462,BARRYS BOOTCAMP,Manhattan,135,W 20TH ST,10011,6465592721,"Juice, Smoothies, Fruit Salads",05/09/2019,Violations were cited in the following area(s).,04L,Evidence of mice or live mice present in facility's food and/or non-food areas.,Y,31,,,10/07/2019,Cycle Inspection / Initial Inspection,40.741583592311,-73.995471058179,104,03,008700,1014746,1007960018,MN13
50069819,FATIMA HALAL KITCHEN,Queens,2525,BROADWAY,11106,7182780080,Chinese,10/25/2017,Violations were cited in the following area(s).,04M,Live roaches present in facility's food and/or non-food areas.,Y,16,B,10/25/2017,10/07/2019,Pre-permit (Operational) / Re-inspection,40.763310699457,-73.92819546435,401,22,007500,4007101,4005790005,QN70
40859658,KIMCHEE KOREAN RESTAURANT,Brooklyn,9324,3 AVENUE,11209,7185675741,Korean,09/17/2018,Violations were cited in the following area(s).,06D,"Food contact surface not properly washed, rinsed and sanitized after each use and following any activity when contamination may have occurred.",Y,13,A,09/17/2018,10/07/2019,Cycle Inspection / Re-inspection,40.618412610578,-74.033131508195,310,43,005800,3155215,3061060041,BK31
41041733,BAGELSMITH,Brooklyn,189,BEDFORD AVENUE,11211,7182187414,American,08/07/2019,Violations were cited in the following area(s).,10F,"Non-food contact surface improperly constructed. Unacceptable material used. Non-food contact surface or equipment improperly maintained and/or not properly sealed, raised, spaced or movable to allow accessibility for cleaning on all sides, above and underneath the unit.",N,10,A,08/07/2019,10/07/2019,Cycle Inspection / Initial Inspection,40.717611423411,-73.957944747109,301,33,055300,3062092,3023280005,BK73
40892887,FRANK'S PIZZERIA/DA FRANCO AND TONY RESTAURANT,Bronx,2823,MIDDLETOWN ROAD,10461,7185973333,Italian,09/27/2018,Violations were cited in the following area(s).,08A,Facility not vermin proof. Harborage or conditions conducive to attracting vermin to the premises and/or allowing vermin to exist.,N,44,,,10/07/2019,Cycle Inspection / Initial Inspection,40.843477461476,-73.83561217912,210,13,026602,2045791,2041560007,BX10
50018514,INDIAN SPICE,Brooklyn,351,7TH AVE,11215,7187687777,Indian,07/21/2017,Establishment re-closed by DOHMH,08A,Facility not vermin proof. Harborage or conditions conducive to attracting vermin to the premises and/or allowing vermin to exist.,N,12,,,10/07/2019,Cycle Inspection / Reopening Inspection,40.666145020169,-73.982182356111,306,39,015100,3026126,3010940009,BK37
50040764,PERK KAFE,Manhattan,1867,2ND AVE,10029,6466784272,Café/Coffee/Tea,11/26/2018,Violations were cited in the following area(s).,02B,Hot food item not held at or above 140º F.,Y,37,,,10/07/2019,Cycle Inspection / Initial Inspection,40.784395150846,-73.946986202881,111,05,015602,1052376,1016460022,MN33
40361618,SAL'S DELI,Queens,12908,20 AVENUE,11356,7186619498,Delicatessen,05/16/2019,Violations were cited in the following area(s).,04L,Evidence of mice or live mice present in facility's food and/or non-food areas.,Y,12,A,05/16/2019,10/07/2019,Cycle Inspection / Initial Inspection,40.781673836068,-73.839415976831,407,19,090700,4099345,4041740023,QN23
50055665,ANN INC CAFE,Manhattan,7,TIMES SQ,10036,2125413287,American,02/10/2017,Violations were cited in the following area(s).,02G,Cold food item held above 41º F (smoked fish and reduced oxygen packaged foods above 38 ºF) except during necessary preparation.,Y,15,B,02/10/2017,10/07/2019,Cycle Inspection / Re-inspection,40.755907817312,-73.986680953809,105,03,011300,1086069,1009940001,MN17
41434872,SAL & PAUL'S PIZZERIA,Brooklyn,1686,PITKIN AVENUE,11212,7189220550,Pizza,05/15/2018,Violations were cited in the following area(s).,16B,"The original nutritional fact labels and/or ingredient label for a cooking oil, shortening or margarine or food item sold in bulk, or acceptable manufacturer’s documentation not maintained on site.",N,,,,10/07/2019,Trans Fat / Initial Inspection,40.669622459638,-73.911054900301,316,41,092400,3081050,3035210040,BK81
50000880,PARKER & QUINN,Manhattan,63,WEST 38TH STREET,10018,2127290277,American,06/18/2019,Violations were cited in the following area(s).,10F,"Non-food contact surface improperly constructed. Unacceptable material used. Non-food contact surface or equipment improperly maintained and/or not properly sealed, raised, spaced or movable to allow accessibility for cleaning on all sides, above and underneath the unit.",N,12,A,06/18/2019,10/07/2019,Cycle Inspection / Re-inspection,40.751765717808,-73.984628109205,105,04,008400,1015989,1008400006,MN17
41495866,SUBWAY,Bronx,1024,LONGWOOD AVENUE,10459,7183787040,Sandwiches,08/12/2019,Violations were cited in the following area(s).,08A,Facility not vermin proof. Harborage or conditions conducive to attracting vermin to the premises and/or allowing vermin to exist.,N,15,,,10/07/2019,Cycle Inspection / Initial Inspection,40.816438579599,-73.896446482159,202,08,008500,2005731,2027200073,BX33
50085343,Giovani’s Big Pizza,Bronx,839A,PROSPECT AVE,10459,7188611530,Pizza,07/12/2019,Violations were cited in the following area(s).,20D,"“Choking first aid” poster not posted. “Alcohol and pregnancy” warning sign not posted. Resuscitation equipment: exhaled air resuscitation masks (adult & pediatric), latex gloves, sign not posted. Inspection report sign not posted.",N,,,,10/07/2019,Administrative Miscellaneous / Initial Inspection,40.820060569313,-73.901466497603,201,17,007700,2116639,2026770026,BX34
50078229,JOE & THE JUICE,Manhattan,1320,3RD AVE,10021,9175665727,"Juice, Smoothies, Fruit Salads",07/22/2019,Violations were cited in the following area(s).,06E,"Sanitized equipment or utensil, including in-use food dispensing utensil, improperly used or stored.",Y,20,,,10/07/2019,Cycle Inspection / Initial Inspection,40.772054138636,-73.958924749419,108,04,012800,1043149,1014100033,MN40
50004654,BAVARIA BIERHOUSE/THE CAULDRON,Manhattan,19,S WILLIAM ST,10004,2124808142,German,05/31/2019,Violations were cited in the following area(s).,04L,Evidence of mice or live mice present in facility's food and/or non-food areas.,Y,26,B,05/31/2019,10/07/2019,Cycle Inspection / Re-inspection,40.704534321201,-74.01067945422,101,01,000900,1000846,1000290048,MN25
50058012,HARMONI,Manhattan,151,NAGLE AVE,10040,9174859305,Spanish,09/25/2018,Violations were cited in the following area(s).,09C,Food contact surface not properly maintained.,N,12,A,09/25/2018,10/07/2019,Cycle Inspection / Re-inspection,40.861112835535,-73.926032395724,112,10,028300,1082762,1021730029,MN35
40905068,NO 32,Manhattan,32,EAST    2 STREET,10003,2122534922,American,08/09/2016,Violations were cited in the following area(s).,04L,Evidence of mice or live mice present in facility's food and/or non-food areas.,Y,32,,,10/07/2019,Cycle Inspection / Initial Inspection,40.725136685138,-73.990828910009,103,02,003602,1006553,1004580032,MN22
40379026,FLAMINGO,Queens,8512,ROOSEVELT AVENUE,11372,7186061633,"Latin (Cuban, Dominican, Puerto Rican, South & Central American)",01/31/2018,Violations were cited in the following area(s).,08A,Facility not vermin proof. Harborage or conditions conducive to attracting vermin to the premises and/or allowing vermin to exist.,N,12,A,01/31/2018,10/07/2019,Cycle Inspection / Initial Inspection,40.747933648158,-73.880915291092,404,21,026901,4037051,4015020003,QN29
50016679,NORTHERN SUSHI,Queens,15314,NORTHERN BLVD,11354,7188864123,Japanese,03/26/2019,Violations were cited in the following area(s).,10F,"Non-food contact surface improperly constructed. Unacceptable material used. Non-food contact surface or equipment improperly maintained and/or not properly sealed, raised, spaced or movable to allow accessibility for cleaning on all sides, above and underneath the unit.",N,10,A,03/26/2019,10/07/2019,Cycle Inspection / Initial Inspection,40.764811849616,-73.811717632112,407,20,115500,4309867,4052660019,QN51
50077270,NY GO GO FAST FOOD,Queens,13546,ROOSEVELT AVE,11354,6462553366,Chinese,12/29/2018,Violations were cited in the following area(s).,02B,Hot food item not held at or above 140º F.,Y,15,,,10/07/2019,Cycle Inspection / Initial Inspection,40.759231650276,-73.831056115714,407,20,087100,4114119,4050360036,QN22
50079366,MARINARA  PIZZA,Manhattan,985,1ST AVE,10022,9172612147,Pizza,03/01/2019,Violations were cited in the following area(s).,04L,Evidence of mice or live mice present in facility's food and/or non-food areas.,Y,21,,,10/07/2019,Cycle Inspection / Initial Inspection,40.756473936366,-73.964265667901,106,05,010800,1076279,1013470023,MN19
50045161,JUNIOR'S PIZZA & FRIED CHICKEN,Brooklyn,203,NEPTUNE AVE,11235,7186760770,Chicken,09/03/2019,Violations were cited in the following area(s).,10B,Plumbing not properly installed or maintained; anti-siphonage or backflow prevention device not provided where required; equipment or floor not properly drained; sewage disposal system in disrepair or not functioning properly.,N,26,,,10/07/2019,Cycle Inspection / Initial Inspection,40.58178150752,-73.96078824756,313,48,036600,3196515,3072640020,BK19
50043221,CHARTER COFFEE AND CUTS,Brooklyn,309,GRAHAM AVE,11211,3477213735,Café/Coffee/Tea,02/14/2019,Violations were cited in the following area(s).,10F,"Non-food contact surface improperly constructed. Unacceptable material used. Non-food contact surface or equipment improperly maintained and/or not properly sealed, raised, spaced or movable to allow accessibility for cleaning on all sides, above and underneath the unit.",N,8,A,02/14/2019,10/07/2019,Cycle Inspection / Initial Inspection,40.713370384647,-73.944207662692,301,34,049500,3069055,3027700029,BK90
50084100,CASA CONTE,Brooklyn,257,COLUMBIA ST,11231,3477254772,Italian,01/26/2019,Violations were cited in the following area(s).,04C,Food worker does not use proper utensil to eliminate bare hand contact with food that will not receive adequate additional heat treatment.,Y,13,A,01/26/2019,10/07/2019,Pre-permit (Operational) / Initial Inspection,40.683347864432,-74.003497388273,306,39,005100,3004689,3003480005,BK33
50085676,MOHAMMODIA RESTAURANT & BAKERY,Brooklyn,1075A,LIBERTY AVE,11208,9292533115,Bangladeshi,08/05/2019,Violations were cited in the following area(s).,06C,"Food not protected from potential source of contamination during storage, preparation, transportation, display or service.",Y,29,,,10/07/2019,Cycle Inspection / Initial Inspection,40.678346807646,-73.869546373377,305,37,119000,3093581,3041710129,BK83
50048257,PATE PALO,Manhattan,251,DYCKMAN ST,10034,6469186242,Spanish,06/20/2019,Violations were cited in the following area(s).,08A,Facility not vermin proof. Harborage or conditions conducive to attracting vermin to the premises and/or allowing vermin to exist.,N,30,,,10/07/2019,Cycle Inspection / Initial Inspection,40.866428089872,-73.928333163048,112,10,029500,1065062,1022470056,MN01
41155536,38 DELI,Brooklyn,968,58 STREET,11219,7187903143,Chinese,12/05/2016,Violations were cited in the following area(s).,06A,Personal cleanliness inadequate. Outer garment soiled with possible contaminant.  Effective hair restraint not worn in an area where food is prepared.,Y,10,A,12/05/2016,10/07/2019,Cycle Inspection / Re-inspection,40.634501731816,-74.004863922607,312,38,011600,3140586,3057010034,BK88
50042805,ITALIANA CREMOSA PIZZERIA & RESTAURANT,Queens,11011,101ST AVE,11419,7184411137,Italian,08/02/2018,Violations were cited in the following area(s).,08A,Facility not vermin proof. Harborage or conditions conducive to attracting vermin to the premises and/or allowing vermin to exist.,N,20,,,10/07/2019,Cycle Inspection / Initial Inspection,40.687851807882,-73.83340475498,409,28,011800,4197955,4094120047,QN54
41692932,GOURMET 45,Manhattan,721,3 AVENUE,10017,2126826220,Delicatessen,01/17/2017,Violations were cited in the following area(s).,06C,"Food not protected from potential source of contamination during storage, preparation, transportation, display or service.",Y,7,A,01/17/2017,10/07/2019,Cycle Inspection / Re-inspection,40.752776379499,-73.972966138331,106,04,009000,1037582,1013190001,MN19
41062874,DALLAS BBQ,Brooklyn,180,LIVINGSTON STREET,11201,7186435700,Barbecue,01/03/2017,Violations were cited in the following area(s).,06D,"Food contact surface not properly washed, rinsed and sanitized after each use and following any activity when contamination may have occurred.",Y,12,A,01/03/2017,10/07/2019,Cycle Inspection / Initial Inspection,40.690044411028,-73.98683839769,302,33,003700,3000484,3001647501,BK38
50054551,"BURGER KING, POPEYES",Bronx,217,E FORDHAM RD,10458,3473446815,Hamburgers,05/07/2018,Violations were cited in the following area(s).,08A,Facility not vermin proof. Harborage or conditions conducive to attracting vermin to the premises and/or allowing vermin to exist.,N,21,,,10/07/2019,Cycle Inspection / Initial Inspection,40.862358037522,-73.896428934495,207,15,039901,2088404,2031540045,BX05
50036814,PIPO'S RESTAURANT,Manhattan,166,E 118TH ST,10035,2128282382,Mexican,08/09/2016,Violations were cited in the following area(s).,08A,Facility not vermin proof. Harborage or conditions conducive to attracting vermin to the premises and/or allowing vermin to exist.,N,31,,,10/07/2019,Cycle Inspection / Initial Inspection,40.799528877169,-73.939739522863,111,08,018200,1052355,1016450044,MN34
50002897,TASTE GOOD RESTAURANT,Manhattan,18,WEST 25TH STREET,10010,2127413223,Chinese,03/26/2019,Violations were cited in the following area(s).,06C,"Food not protected from potential source of contamination during storage, preparation, transportation, display or service.",Y,13,A,03/26/2019,10/07/2019,Cycle Inspection / Re-inspection,40.743326160046,-73.989884496208,105,03,005800,1015605,1008260055,MN13
50057858,MEXICO 2000,Brooklyn,369,BROADWAY,11211,7184070109,Mexican,12/29/2016,Violations were cited in the following area(s).,10F,"Non-food contact surface improperly constructed. Unacceptable material used. Non-food contact surface or equipment improperly maintained and/or not properly sealed, raised, spaced or movable to allow accessibility for cleaning on all sides, above and underneath the unit.",N,38,,,10/07/2019,Pre-permit (Operational) / Initial Inspection,40.707427226904,-73.955040458707,301,34,052700,3063613,3024630038,BK73
50010894,SU KHUM VIT 51,Manhattan,224,E 51ST ST,10022,2128888894,Thai,01/11/2018,Violations were cited in the following area(s).,10F,"Non-food contact surface improperly constructed. Unacceptable material used. Non-food contact surface or equipment improperly maintained and/or not properly sealed, raised, spaced or movable to allow accessibility for cleaning on all sides, above and underneath the unit.",N,13,A,01/11/2018,10/07/2019,Cycle Inspection / Initial Inspection,40.756135122547,-73.969597096963,106,04,009800,1038451,1013240039,MN19
50042177,ABDULLAH SWEETS AND RESTAURANT,Brooklyn,91,CHURCH AVE,11218,7187665381,Bangladeshi,10/04/2018,Establishment Closed by DOHMH.  Violations were cited in the following area(s) and those requiring immediate action were addressed.,08A,Facility not vermin proof. Harborage or conditions conducive to attracting vermin to the premises and/or allowing vermin to exist.,N,49,,,10/07/2019,Cycle Inspection / Compliance Inspection,40.642619130984,-73.979868107789,312,39,049600,3124487,3053320066,BK41
50045072,EL VALLE RESTAURANTE,Bronx,3452,BOSTON RD,10469,7186551771,Spanish,07/11/2019,Violations were cited in the following area(s).,08A,Facility not vermin proof. Harborage or conditions conducive to attracting vermin to the premises and/or allowing vermin to exist.,N,17,B,07/11/2019,10/07/2019,Cycle Inspection / Re-inspection,40.876316747524,-73.848530429465,212,12,036400,2060739,2047370105,BX03
41476586,LUCKY 11 BAKERY,Brooklyn,6322,11 AVENUE,11219,7188338289,Bakery,03/09/2017,Violations were cited in the following area(s).,06A,Personal cleanliness inadequate. Outer garment soiled with possible contaminant.  Effective hair restraint not worn in an area where food is prepared.,Y,5,A,03/09/2017,10/07/2019,Cycle Inspection / Initial Inspection,40.629629740487,-74.004906797866,310,38,021200,3141749,3057370046,BK30
50002486,UN NUEVO PRICIPIO,Queens,680,SENECA AVE,11385,6469124515,"Juice, Smoothies, Fruit Salads",09/19/2016,Violations were cited in the following area(s).,10D,"Mechanical or natural ventilation system not provided, improperly installed, in disrepair and/or fails to prevent excessive build-up of grease, heat, steam condensation vapors, odors, smoke, and fumes.",N,7,A,09/19/2016,10/07/2019,Cycle Inspection / Initial Inspection,40.703111986989,-73.908232940658,405,34,054900,4082504,4034530031,QN20
41203533,GREAT TASTE BAKERY,Manhattan,3335,CATHERINE STREET,,6466424110,Bakery,03/09/2017,Violations were cited in the following area(s).,04H,"Raw, cooked or prepared food is adulterated, contaminated, cross-contaminated, or not discarded in accordance with HACCP plan.",Y,26,,,10/07/2019,Cycle Inspection / Initial Inspection,0,0,,,,,1,
50010873,MASALA BOX,Queens,4202,BELL BLVD,11361,7182812699,Indian,07/25/2017,Violations were cited in the following area(s).,06D,"Food contact surface not properly washed, rinsed and sanitized after each use and following any activity when contamination may have occurred.",Y,24,,,10/07/2019,Cycle Inspection / Initial Inspection,40.762466768059,-73.770431043491,411,19,146700,4138216,4062840026,QN46
40392721,NUEVA VILLA CHINA RESTAURANT,Queens,3910,103 STREET,11368,7184761527,Chinese,07/18/2018,Violations were cited in the following area(s).,08C,Pesticide use not in accordance with label or applicable laws. Prohibited chemical used/stored. Open bait station used.,N,20,B,07/18/2018,10/07/2019,Cycle Inspection / Re-inspection,40.750482783146,-73.863023489686,403,21,040700,4044366,4017700035,QN26
50045201,CHECKERS,Queens,12221,MERRICK BLVD,11434,7187122420,American,08/16/2017,Violations were cited in the following area(s).,04N,"Filth flies or food/refuse/sewage-associated (FRSA) flies present in facility’s food and/or non-food areas. Filth flies include house flies, little house flies, blow flies, bottle flies and flesh flies. Food/refuse/sewage-associated flies include fruit flies, drain flies and Phorid flies.",Y,16,,,10/07/2019,Cycle Inspection / Initial Inspection,40.683590806298,-73.769398412222,412,27,036800,4269742,4124800032,QN08
50001484,TOYAMA CUISINE,Brooklyn,6001,7TH AVE,11220,7185678877,Japanese,03/20/2019,Violations were cited in the following area(s).,03A,Food from unapproved or unknown source or home canned. Reduced oxygen packaged (ROP) fish not frozen before processing; or ROP foods prepared on premises transported to another site.,Y,45,,,10/07/2019,Cycle Inspection / Initial Inspection,40.636724496523,-74.011843146845,307,38,011800,3143588,3057850009,BK34
50006474,GOLDEN EAGLE DINER,Bronx,2107,WILLIAMSBRIDGE RD,10461,3478515318,American,04/09/2019,Violations were cited in the following area(s).,20F,Current letter grade card not posted.,N,,,,10/07/2019,Administrative Miscellaneous / Initial Inspection,40.855715532889,-73.855503752691,211,13,024800,2049706,2043320024,BX49
41184016,CHEN DU TIAN FU,Queens,4128,MAIN STREET,11355,3475569396,Chinese,05/14/2019,Violations were cited in the following area(s).,10B,Plumbing not properly installed or maintained; anti-siphonage or backflow prevention device not provided where required; equipment or floor not properly drained; sewage disposal system in disrepair or not functioning properly.,N,22,,,10/07/2019,Cycle Inspection / Initial Inspection,40.757348554116,-73.829075639723,407,20,084900,4312192,4050420035,QN22
41036247,DUNKIN',Staten Island,680,ARTHUR KILL ROAD,10308,7189480600,Donuts,11/27/2018,Violations were cited in the following area(s).,10I,"Single service item reused, improperly stored, dispensed; not used when required.",N,11,A,11/27/2018,10/07/2019,Cycle Inspection / Initial Inspection,40.560241951935,-74.164112871653,503,51,014607,5073068,5054940055,SI54
50051981,FIVESTUY CAFE,Manhattan,5,STUYVESANT OVAL,10009,347971056_,Sandwiches,11/26/2016,Establishment Closed by DOHMH.  Violations were cited in the following area(s) and those requiring immediate action were addressed.,02B,Hot food item not held at or above 140º F.,Y,42,,,10/07/2019,Cycle Inspection / Initial Inspection,40.732076617604,-73.97886676224,106,04,004400,1082882,1009720001,MN50
50071662,BIG AL'S CHICAGO STYLE PIZZA,Staten Island,4069,HYLAN BLVD,10308,7183568446,Pizza/Italian,08/09/2018,Violations were cited in the following area(s).,02H,"Food not cooled by an approved method whereby the internal product temperature is reduced from 140º F to 70º F or less within 2 hours, and from 70º F to 41º F or less within 4 additional hours.",Y,22,B,08/09/2018,10/07/2019,Cycle Inspection / Re-inspection,40.54062015968,-74.147435327536,503,51,015601,5067577,5052760042,SI54
41515470,NARUTO RAMEN,Brooklyn,276,5 AVENUE,11215,7188321111,Japanese,01/29/2018,Violations were cited in the following area(s).,04M,Live roaches present in facility's food and/or non-food areas.,Y,16,B,01/29/2018,10/07/2019,Cycle Inspection / Re-inspection,40.674299729901,-73.982035966568,306,39,013300,3020594,3009640041,BK37
40988528,LA STRADA PIZZERIA RESTAURANT,Brooklyn,5023,10 AVENUE,11219,7186868057,Pizza/Italian,09/03/2019,Violations were cited in the following area(s).,02B,Hot food item not held at or above 140º F.,Y,21,,,10/07/2019,Cycle Inspection / Initial Inspection,40.638270419876,-73.999477549065,312,44,011400,3137927,3056460001,BK88
41514254,ELIM DELI CAFE,Manhattan,851,LEXINGTON AVENUE,10065,2124398320,Delicatessen,09/10/2018,Violations were cited in the following area(s).,04L,Evidence of mice or live mice present in facility's food and/or non-food areas.,Y,32,C,09/10/2018,10/07/2019,Cycle Inspection / Re-inspection,40.765622651071,-73.96569031079,108,04,012000,1042356,1013990020,MN40
50067033,SUBWAY,Bronx,2052,JEROME AVE,10453,7182206319,Sandwiches/Salads/Mixed Buffet,09/21/2017,Violations were cited in the following area(s).,10B,Plumbing not properly installed or maintained; anti-siphonage or backflow prevention device not provided where required; equipment or floor not properly drained; sewage disposal system in disrepair or not functioning properly.,N,10,A,09/21/2017,10/07/2019,Pre-permit (Operational) / Re-inspection,40.854127418116,-73.907033312823,205,14,024100,2013958,2031790002,BX41
40553443,DISTILLED NYC,Manhattan,211,WEST BROADWAY,10013,2124310700,American,06/25/2019,Violations were cited in the following area(s).,02B,Hot food item not held at or above 140º F.,Y,11,A,06/25/2019,10/07/2019,Cycle Inspection / Re-inspection,40.718933692611,-74.006522337337,101,01,003300,1079278,1001787502,MN24
50043343,NOGLU NEW YORK,Manhattan,1266,MADISON AVE,10128,2127722011,French,08/21/2017,Violations were cited in the following area(s).,04N,"Filth flies or food/refuse/sewage-associated (FRSA) flies present in facility’s food and/or non-food areas. Filth flies include house flies, little house flies, blow flies, bottle flies and flesh flies. Food/refuse/sewage-associated flies include fruit flies, drain flies and Phorid flies.",Y,9,A,08/21/2017,10/07/2019,Cycle Inspection / Re-inspection,40.783759699676,-73.956703949001,108,04,015002,1046983,1015020017,MN40
41464273,NO. 1 CHINA GARDEN KITCHEN,Bronx,1349,EDWARD L GRANT HIGHWAY,10452,7182935056,Chinese,03/28/2019,Violations were cited in the following area(s).,22A,"Nuisance created or allowed to exist. Facility not free from unsafe, hazardous, offensive or annoying conditions.",N,,,,10/07/2019,Administrative Miscellaneous / Initial Inspection,40.840137243121,-73.921393635834,204,16,021100,2003332,2025200001,BX26
50014374,LA CASA del MARISCO,Bronx,1862,WEBSTER AVE,10457,9173190316,"Latin (Cuban, Dominican, Puerto Rican, South & Central American)",03/25/2019,Violations were cited in the following area(s).,10B,Plumbing not properly installed or maintained; anti-siphonage or backflow prevention device not provided where required; equipment or floor not properly drained; sewage disposal system in disrepair or not functioning properly.,N,18,,,10/07/2019,Cycle Inspection / Initial Inspection,40.847011044743,-73.901317988675,206,15,023100,2094556,2029000051,BX41
41234126,MAX RESTAURANT,Manhattan,181,DUANE STREET,10013,2129665939,Italian,04/17/2017,Violations were cited in the following area(s).,09B,Thawing procedures improper.,N,25,,,10/07/2019,Cycle Inspection / Initial Inspection,40.71740459083,-74.010176487777,101,01,003900,1001547,1001430013,MN24
50042840,DUNKIN' DONUTS,Manhattan,105,W 125TH ST,10027,6468927695,Donuts,08/07/2017,Violations were cited in the following area(s).,06C,"Food not protected from potential source of contamination during storage, preparation, transportation, display or service.",Y,18,,,10/07/2019,Cycle Inspection / Initial Inspection,40.807939090514,-73.945865617023,110,09,022200,1085673,1019107501,MN11
41711578,MR. SIMI #8 KITCHEN,Brooklyn,1658,BATH AVENUE,11214,7182327539,Chinese,05/22/2017,Violations were cited in the following area(s).,06D,"Food contact surface not properly washed, rinsed and sanitized after each use and following any activity when contamination may have occurred.",Y,12,A,05/22/2017,10/07/2019,Cycle Inspection / Initial Inspection,40.605557733268,-74.008960128029,311,43,017400,3168516,3064320038,BK27
50002532,KENNEDY FRIED CHICKEN,Bronx,2280,JEROME AVENUE,10453,7187085125,Chicken,07/25/2017,Violations were cited in the following area(s).,08A,Facility not vermin proof. Harborage or conditions conducive to attracting vermin to the premises and/or allowing vermin to exist.,N,38,,,10/07/2019,Cycle Inspection / Initial Inspection,40.858648003047,-73.903711925351,205,14,023900,2014064,2031860059,BX40
50056005,SANTA PANZA,Brooklyn,1079,BROADWAY,11221,3474139695,Italian,05/09/2018,Violations were cited in the following area(s).,04H,"Raw, cooked or prepared food is adulterated, contaminated, cross-contaminated, or not discarded in accordance with HACCP plan.",Y,12,A,05/09/2018,10/07/2019,Cycle Inspection / Initial Inspection,40.694506523398,-73.930844649318,304,34,039300,3073443,3032290047,BK78
41654607,BROOKLYN CRAB,Brooklyn,24,REED ST,11231,7186432722,Seafood,11/17/2016,Violations were cited in the following area(s).,10H,Proper sanitization not provided for utensil ware washing operation.,N,61,,,10/07/2019,Cycle Inspection / Initial Inspection,40.675175494846,-74.016767373225,306,38,005300,3414140,3006100014,BK33
50057954,MEGA BITES,Brooklyn,245,DEKALB AVE,11205,7183988112,American,03/01/2019,Violations were cited in the following area(s).,08A,Facility not vermin proof. Harborage or conditions conducive to attracting vermin to the premises and/or allowing vermin to exist.,N,17,,,10/07/2019,Cycle Inspection / Initial Inspection,40.689481153675,-73.969418464523,302,35,018300,3058586,3020920065,BK68
50083583,TIERRA Y MAR RESTAURANT,Manhattan,4221,BROADWAY,10033,6469340128,Spanish,10/26/2018,Violations were cited in the following area(s).,06D,"Food contact surface not properly washed, rinsed and sanitized after each use and following any activity when contamination may have occurred.",Y,60,,,10/07/2019,Pre-permit (Operational) / Initial Inspection,40.849028811692,-73.936976348703,112,10,026500,1064270,1021760054,MN36
50069068,ATOMIC WINGS,Manhattan,184,1ST AVE,10009,2127749464,American,09/19/2018,Establishment re-opened by DOHMH,10F,"Non-food contact surface improperly constructed. Unacceptable material used. Non-food contact surface or equipment improperly maintained and/or not properly sealed, raised, spaced or movable to allow accessibility for cleaning on all sides, above and underneath the unit.",N,5,P,09/19/2018,10/07/2019,Cycle Inspection / Reopening Inspection,40.729519309266,-73.983871959502,103,02,003400,1005966,1004390002,MN22
50079769,TBAAR,Manhattan,36,W 36TH ST,10018,6469829639,"Juice, Smoothies, Fruit Salads",03/05/2019,Violations were cited in the following area(s).,06D,"Food contact surface not properly washed, rinsed and sanitized after each use and following any activity when contamination may have occurred.",Y,13,A,03/05/2019,10/07/2019,Cycle Inspection / Initial Inspection,40.750470296272,-73.985436870502,105,04,008400,1015906,1008370066,MN17
41359575,VANILLA CAFE,Queens,8701,ROOSEVELT AVENUE,11372,7185070807,Bakery,04/17/2017,Violations were cited in the following area(s).,09A,Canned food product observed dented and not segregated from other consumable food items.,N,18,,,10/07/2019,Cycle Inspection / Initial Inspection,40.748137663607,-73.879153694744,403,21,027900,4036273,4014750042,QN28
41026945,NEW DAWN RESTAURANT,Queens,4021,22 STREET,11101,7187865673,American,07/26/2017,Violations were cited in the following area(s).,10B,Plumbing not properly installed or maintained; anti-siphonage or backflow prevention device not provided where required; equipment or floor not properly drained; sewage disposal system in disrepair or not functioning properly.,N,13,,,10/07/2019,Cycle Inspection / Initial Inspection,40.754339670853,-73.940578240724,401,26,003300,4004955,4004090016,QN68
50001270,GOLDEN KRUST CARIBBEAN BAKERY & GRILL,Brooklyn,1706,ATLANTIC AVE,11213,7187738200,Caribbean,12/19/2017,Violations were cited in the following area(s).,16C,"Caloric content not posted on menus, menu boards or food tags, in a food service establishment that is 1 of 15 or more outlets operating the same type of business nationally under common ownership or control, or as a franchise or doing business under the same name, for each menu item that is served in portions, the size and content of which are standardized.",N,,,,10/07/2019,Calorie Posting / Initial Inspection,40.677611694932,-73.93425477144,308,36,030900,3393250,3013350028,BK61
50085326,GUPSHUP,Manhattan,113,E 18TH ST,10003,2125187313,Indian,06/28/2019,Violations were cited in the following area(s).,06D,"Food contact surface not properly washed, rinsed and sanitized after each use and following any activity when contamination may have occurred.",Y,28,,,10/07/2019,Cycle Inspection / Initial Inspection,40.736793415104,-73.987745676103,105,02,005000,1017863,1008740010,MN21
50062365,H-YARD GOURMET DELI,Manhattan,450,9TH AVE,10018,2128372896,Delicatessen,08/02/2019,Violations were cited in the following area(s).,09C,Food contact surface not properly maintained.,N,30,,,10/07/2019,Cycle Inspection / Initial Inspection,40.754140885849,-73.995737296843,104,03,011100,1082258,1007590001,MN13
41684054,THE BOIL,Manhattan,139,CHRYSTIE STREET,10002,2129258815,Seafood,12/26/2017,Violations were cited in the following area(s).,10H,Proper sanitization not provided for utensil ware washing operation.,N,19,,,10/07/2019,Cycle Inspection / Initial Inspection,40.719595159461,-73.993098807722,103,01,001800,1005665,1004240028,MN27
41544554,U LIKE CHINESE RESTAURANT,Brooklyn,602,MARCY AVENUE,11206,7182439096,Chinese,06/02/2016,Violations were cited in the following area(s).,08A,Facility not vermin proof. Harborage or conditions conducive to attracting vermin to the premises and/or allowing vermin to exist.,N,50,,,10/07/2019,Cycle Inspection / Initial Inspection,40.694008231138,-73.948947963296,303,36,025300,3048777,3017580054,BK75
50079467,DUSK TIL DAWN BAR & LOUNGE,Brooklyn,372,Kosciuszko St,11221,9176504160,American,01/10/2019,Violations were cited in the following area(s).,10F,"Non-food contact surface improperly constructed. Unacceptable material used. Non-food contact surface or equipment improperly maintained and/or not properly sealed, raised, spaced or movable to allow accessibility for cleaning on all sides, above and underneath the unit.",N,87,,,10/07/2019,Pre-permit (Operational) / Initial Inspection,40.69201074858,-73.939159138238,303,36,028100,3043320,3016050001,BK35
50051434,PARADE CAFE,Brooklyn,622,CATON AVE,11218,7184385445,Sandwiches/Salads/Mixed Buffet,04/18/2018,Violations were cited in the following area(s).,04N,"Filth flies or food/refuse/sewage-associated (FRSA) flies present in facility’s food and/or non-food areas. Filth flies include house flies, little house flies, blow flies, bottle flies and flesh flies. Food/refuse/sewage-associated flies include fruit flies, drain flies and Phorid flies.",Y,19,,,10/07/2019,Cycle Inspection / Initial Inspection,40.647695862684,-73.974302579248,312,39,050400,3124350,3053290104,BK40
41022637,STONE PARK CAFE,Brooklyn,324,5 AVENUE,11215,7183690082,American,01/24/2019,Violations were cited in the following area(s).,08A,Facility not vermin proof. Harborage or conditions conducive to attracting vermin to the premises and/or allowing vermin to exist.,N,20,,,10/07/2019,Cycle Inspection / Initial Inspection,40.672883604537,-73.983218785238,306,39,013500,3020905,3009740044,BK37
50002052,OTTO'S TACOS,Manhattan,141,SECOND AVE,10003,6466784018,Mexican,10/25/2018,Violations were cited in the following area(s).,02B,Hot food item not held at or above 140º F.,Y,13,A,10/25/2018,10/07/2019,Cycle Inspection / Initial Inspection,40.729011967126,-73.987379092983,103,02,003800,1006746,1004640034,MN22
50007382,MEMORIES BAR SHEVROJA,Brooklyn,2611,BATH AVE,11214,7187152911,Eastern European,06/01/2018,Violations were cited in the following area(s).,02G,Cold food item held above 41º F (smoked fish and reduced oxygen packaged foods above 38 ºF) except during necessary preparation.,Y,22,,,10/07/2019,Cycle Inspection / Initial Inspection,40.592791490104,-73.988377113181,313,47,030200,3186393,3068820004,BK29
41642251,LITTLE CAESARS,Bronx,15,EAST  167 STREET,10452,7189929000,Pizza,12/06/2017,Violations were cited in the following area(s).,08A,Facility not vermin proof. Harborage or conditions conducive to attracting vermin to the premises and/or allowing vermin to exist.,N,12,,,10/07/2019,Cycle Inspection / Initial Inspection,40.835896872868,-73.921760050737,204,16,019700,2090415,2024890029,BX63
50042132,CASA RESTAURANT & LOUNGE,Bronx,3607,E TREMONT AVE,10465,3472627353,"Latin (Cuban, Dominican, Puerto Rican, South & Central American)",12/20/2015,Violations were cited in the following area(s).,04A,Food Protection Certificate not held by supervisor of food operations.,Y,10,,,10/07/2019,Inter-Agency Task Force / Initial Inspection,40.828801288939,-73.82445764905,210,13,016200,2076682,2054270050,BX52
41497832,INWOOD LOCAL WINE BAR & BEER GARDEN,Manhattan,4957,BROADWAY,10034,2125448900,American,07/27/2018,Violations were cited in the following area(s).,06E,"Sanitized equipment or utensil, including in-use food dispensing utensil, improperly used or stored.",Y,12,A,07/27/2018,10/07/2019,Cycle Inspection / Re-inspection,40.867935204661,-73.92038443672,112,10,030300,1064994,1022420055,MN01
40366222,KILLARNEY ROSE,Manhattan,80,BEAVER STREET,10005,2124221486,Irish,08/31/2017,Violations were cited in the following area(s).,08A,Facility not vermin proof. Harborage or conditions conducive to attracting vermin to the premises and/or allowing vermin to exist.,N,31,,,10/07/2019,Cycle Inspection / Initial Inspection,40.705338706862,-74.008692264913,101,01,000700,1000834,1000280015,MN25
50070042,NONNA DELIA'S,Queens,1832,COLLEGE POINT BLVD,11356,7184456662,Pizza/Italian,10/24/2017,Violations were cited in the following area(s).,10H,Proper sanitization not provided for utensil ware washing operation.,N,12,,,10/07/2019,Pre-permit (Operational) / Initial Inspection,40.782953519028,-73.845880135343,407,19,092500,4449828,4040830034,QN23
41617871,O'DONOGHUE'S,Manhattan,156,WEST   44 STREET,10036,2129972261,American,06/07/2017,Violations were cited in the following area(s).,10F,"Non-food contact surface improperly constructed. Unacceptable material used. Non-food contact surface or equipment improperly maintained and/or not properly sealed, raised, spaced or movable to allow accessibility for cleaning on all sides, above and underneath the unit.",N,12,A,06/07/2017,10/07/2019,Cycle Inspection / Initial Inspection,40.7567392236,-73.984634176115,105,04,011900,1022622,1009960056,MN17
41683490,HOLLOW NICKEL,Brooklyn,494,ATLANTIC AVENUE,11217,3472363417,American,08/20/2016,Violations were cited in the following area(s).,06A,Personal cleanliness inadequate. Outer garment soiled with possible contaminant.  Effective hair restraint not worn in an area where food is prepared.,Y,13,,,10/07/2019,Cycle Inspection / Initial Inspection,40.68570422082,-73.98171558228,302,33,003900,3000977,3001850014,BK38
40739444,DUNKIN',Queens,5602,METROPOLITAN AVENUE,11385,7183813200,Donuts,03/07/2017,Violations were cited in the following area(s).,10E,Accurate thermometer not provided in refrigerated or hot holding equipment.,N,3,A,03/07/2017,10/07/2019,Cycle Inspection / Initial Inspection,40.712926129937,-73.906794547479,405,30,059500,4080243,4033660031,QN20
50056753,UPSIDE CRAFT BURGERS,Brooklyn,4102,18TH AVE,11218,7186330233,Jewish/Kosher,03/20/2017,Violations were cited in the following area(s).,09C,Food contact surface not properly maintained.,N,23,,,10/07/2019,Cycle Inspection / Initial Inspection,40.632025939211,-73.974463555551,314,44,048400,3127587,3054100001,BK41
41348662,SUBWAY,Staten Island,786,PORT RICHMOND AVENUE,10302,7187276222,Sandwiches/Salads/Mixed Buffet,10/18/2018,Violations were cited in the following area(s).,04L,Evidence of mice or live mice present in facility's food and/or non-food areas.,Y,10,A,10/18/2018,10/07/2019,Cycle Inspection / Initial Inspection,40.625113344147,-74.145093805934,501,49,024700,5026423,5011410001,SI28
50032780,ABITINO'S PIZZA(CONCOURSE C),Queens,ONE,JFK INTERNATIONAL AIRPORT,11430,7182441344,Pizza,08/28/2018,Violations were cited in the following area(s).,06D,"Food contact surface not properly washed, rinsed and sanitized after each use and following any activity when contamination may have occurred.",Y,12,A,08/28/2018,10/07/2019,Cycle Inspection / Initial Inspection,40.648312826068,-73.788281497594,483,28,071600,4000000,4142600001,QN98
50072200,THAI 72,Manhattan,128,W 72ND ST,10023,2124966153,Thai,01/18/2018,Violations were cited in the following area(s).,02B,Hot food item not held at or above 140º F.,Y,12,A,01/18/2018,10/07/2019,Pre-permit (Operational) / Initial Inspection,40.777917057655,-73.980029244558,107,06,015700,1079315,1011430044,MN14
50088836,CHAKRA CAFE,Queens,4401,QUEENS BLVD,11104,9294620051,Sandwiches/Salads/Mixed Buffet,04/11/2019,Violations were cited in the following area(s).,02G,Cold food item held above 41º F (smoked fish and reduced oxygen packaged foods above 38 ºF) except during necessary preparation.,Y,13,A,04/11/2019,10/07/2019,Pre-permit (Operational) / Initial Inspection,40.743359387771,-73.920414788715,402,26,018300,4001904,4001610006,QN31
50058050,WOODHAVEN CAFE & PIZZERIA,Queens,10509,CROSSBAY BLVD,11417,7185296100,Pizza,05/22/2019,Violations were cited in the following area(s).,10F,"Non-food contact surface improperly constructed. Unacceptable material used. Non-food contact surface or equipment improperly maintained and/or not properly sealed, raised, spaced or movable to allow accessibility for cleaning on all sides, above and underneath the unit.",N,7,A,05/22/2019,10/07/2019,Cycle Inspection / Re-inspection,40.679869080833,-73.844478845116,410,32,008600,4438535,4091630051,QN56
50077353,CHPOKE CAFE,Queens,24843,JERICHO TPKE,11426,7184701116,Asian,08/21/2018,Violations were cited in the following area(s).,04N,"Filth flies or food/refuse/sewage-associated (FRSA) flies present in facility’s food and/or non-food areas. Filth flies include house flies, little house flies, blow flies, bottle flies and flesh flies. Food/refuse/sewage-associated flies include fruit flies, drain flies and Phorid flies.",Y,30,,,10/07/2019,Pre-permit (Operational) / Initial Inspection,40.726314555688,-73.717216808304,413,23,161700,4177064,4086640055,QN43
50006011,UNIVERSITY CENTER CAFE,Manhattan,65,5TH AVE,10003,2122295161,American,10/03/2016,Violations were cited in the following area(s).,06D,"Food contact surface not properly washed, rinsed and sanitized after each use and following any activity when contamination may have occurred.",Y,11,A,10/03/2016,10/07/2019,Cycle Inspection / Initial Inspection,40.735649338607,-73.993858510092,102,02,006100,1088879,1005710001,MN23
50075413,PERIZIA PIZZA,Brooklyn,1387,CONEY ISLAND AVE,11230,7186923600,Jewish/Kosher,11/28/2018,Violations were cited in the following area(s).,06D,"Food contact surface not properly washed, rinsed and sanitized after each use and following any activity when contamination may have occurred.",Y,27,,,10/07/2019,Cycle Inspection / Initial Inspection,40.623816529816,-73.964981782029,314,44,053400,3179855,3067130070,BK43
50049315,TBAAR,Brooklyn,6317,8TH AVE,11220,9172135932,"Juice, Smoothies, Fruit Salads",08/30/2018,Violations were cited in the following area(s).,06D,"Food contact surface not properly washed, rinsed and sanitized after each use and following any activity when contamination may have occurred.",Y,14,,,10/07/2019,Cycle Inspection / Initial Inspection,40.633414303423,-74.011702046112,310,38,012000,3141676,3057350001,BK34
40525206,FULL MOON PIZZA,Bronx,600,EAST  187 STREET,10458,7185843451,Pizza/Italian,03/22/2019,Violations were cited in the following area(s).,06C,"Food not protected from potential source of contamination during storage, preparation, transportation, display or service.",Y,13,,,10/07/2019,Cycle Inspection / Initial Inspection,40.855487781306,-73.887467429515,206,15,039100,2118244,2030730044,BX06
